{
    "avg_prec": 0.6713881437469764,
    "roc_auc": 0.3825910869354848
}