{
    "avg_prec": 0.6199823534812545,
    "roc_auc": 0.4305957725183464
}