{
    "avg_prec": 0.6439996202597082,
    "roc_auc": 0.4918975844085976
}