{
    "avg_prec": 0.7143122649950835,
    "roc_auc": 0.6267039170265105
}