{
    "avg_prec": 0.6079052040283484,
    "roc_auc": 0.45758106285121486
}