{
    "avg_prec": 0.7486451063831718,
    "roc_auc": 0.33396296317570096
}