{
    "avg_prec": 0.6974356115157487,
    "roc_auc": 0.6305550505617037
}