{
    "avg_prec": 0.03666666762809094,
    "roc_auc": 0.27807563508439603
}