{
    "avg_prec": 0.7255598461570401,
    "roc_auc": 0.8134535806895846
}