{
    "avg_prec": 0.6506022528671582,
    "roc_auc": 0.39817108024196773
}